codigo_articulo,grupo,nombre_grupo,subgrupo,nombre_subgrupo,unidad_medida,descripcion
9001001,90,SERVICIOS AL EMPLEADO,01,EXÁMENES MÉDICOS,SV,ANÁLISIS CLÍNICOS ANUALES
9001002,90,SERVICIOS AL EMPLEADO,01,EXÁMENES MÉDICOS,SV,EXAMEN DE INGRESO
9001003,90,SERVICIOS AL EMPLEADO,01,EXÁMENES MÉDICOS,SV,EXAMEN PERIÓDICO
9001004,90,SERVICIOS AL EMPLEADO,01,EXÁMENES MÉDICOS,SV,VALORACIÓN MÉDICA ESPECIALISTA
9001005,90,SERVICIOS AL EMPLEADO,01,EXÁMENES MÉDICOS,SV,LABORATORIALES
9001006,90,SERVICIOS AL EMPLEADO,01,EXÁMENES MÉDICOS,SV,PLACAS DE RAYOS X
9001007,90,SERVICIOS AL EMPLEADO,01,EXÁMENES MÉDICOS,SV,EXAMEN DE REINGRESO
9001008,90,SERVICIOS AL EMPLEADO,01,EXÁMENES MÉDICOS,SV,REHABILITACIÓN
9002001,90,SERVICIOS AL EMPLEADO,02,EXÁMENES DE EVALUACIÓN,SV,PLATAFORMA PSICOWEB
9002002,90,SERVICIOS AL EMPLEADO,02,EXÁMENES DE EVALUACIÓN,SV,PLATAFORMA OCC
9003001,90,SERVICIOS AL EMPLEADO,03,CURSOS Y CAPACITACIONES,SV,CURSO DE TRABAJOS CON RIESGOS
9003002,90,SERVICIOS AL EMPLEADO,03,CURSOS Y CAPACITACIONES,SV,CURSO VERIFICADOR DE GAS
9003003,90,SERVICIOS AL EMPLEADO,03,CURSOS Y CAPACITACIONES,SV,CURSO RIG PASS
9003004,90,SERVICIOS AL EMPLEADO,03,CURSOS Y CAPACITACIONES,SV,CURSOS TÉCNICOS ESPECIALIZADOS
9003005,90,SERVICIOS AL EMPLEADO,03,CURSOS Y CAPACITACIONES,SV,CAPACITACIONES PROFESIONAL
9003006,90,SERVICIOS AL EMPLEADO,03,CURSOS Y CAPACITACIONES,SV,SERVICIOS ACADÉMICOS
9003007,90,SERVICIOS AL EMPLEADO,03,CURSOS Y CAPACITACIONES,SV,"VISA, PASAPORTE, LIBRETA D MAR"
9004001,90,SERVICIOS AL EMPLEADO,04,ASISTENCIA MEDICA,SV,SERVICIO DE HOSPITALIZACIÓN
9004002,90,SERVICIOS AL EMPLEADO,04,ASISTENCIA MEDICA,SV,SERVICIO DE AMBULANCIA
9004003,90,SERVICIOS AL EMPLEADO,04,ASISTENCIA MEDICA,SV,CALIBRACIÓN DE EQUIPOS MÉDICOS
9005001,90,SERVICIOS AL EMPLEADO,05,SERVICIOS AL PERSONAL,SV,HIELO Y AGUA
9005002,90,SERVICIOS AL EMPLEADO,05,SERVICIOS AL PERSONAL,SV,AGUA EN PIPA
9005003,90,SERVICIOS AL EMPLEADO,05,SERVICIOS AL PERSONAL,SV,GASTO EXPEDICIÓN DE SEG MÉDICO
9005004,90,SERVICIOS AL EMPLEADO,05,SERVICIOS AL PERSONAL,SV,SERVICIO DE TAXI
9005005,90,SERVICIOS AL EMPLEADO,05,SERVICIOS AL PERSONAL,SV,SERVICIO DE HOSPEDAJE
9005006,90,SERVICIOS AL EMPLEADO,05,SERVICIOS AL PERSONAL,SV,SERVICIOS DE TRANSPORTE AÉREA
9005007,90,SERVICIOS AL EMPLEADO,05,SERVICIOS AL PERSONAL,SV,COMISIÓN DE AGENCIA DE VIAJES
9005008,90,SERVICIOS AL EMPLEADO,05,SERVICIOS AL PERSONAL,SV,IMPUESTOS Y DERECHOS
9005009,90,SERVICIOS AL EMPLEADO,05,SERVICIOS AL PERSONAL,SV,SERVICIOS COMPLEMENTARIOS
9005010,90,SERVICIOS AL EMPLEADO,05,SERVICIOS AL PERSONAL,SV,ALIMENTOS Y DESPENSAS
9005011,90,SERVICIOS AL EMPLEADO,05,SERVICIOS AL PERSONAL,SV,PERNOCTA
9101001,91,INMUEBLES Y SERVICIOS,01,OFICINAS Y SERVICIOS,SV,RENTA DE BODEGA
9101002,91,INMUEBLES Y SERVICIOS,01,OFICINAS Y SERVICIOS,SV,RENTA DE CAMPER
9101003,91,INMUEBLES Y SERVICIOS,01,OFICINAS Y SERVICIOS,SV,RENTA DE OFICINA
9101004,91,INMUEBLES Y SERVICIOS,01,OFICINAS Y SERVICIOS,SV,RENTA DE CASA
9101005,91,INMUEBLES Y SERVICIOS,01,OFICINAS Y SERVICIOS,SV,LIMPIEZA DE INMUEBLES
9101006,91,INMUEBLES Y SERVICIOS,01,OFICINAS Y SERVICIOS,SV,IMPUESTO PREDIAL
9101007,91,INMUEBLES Y SERVICIOS,01,OFICINAS Y SERVICIOS,SV,CONSUMO DE ENERGÍA ELÉCTRICA
9101008,91,INMUEBLES Y SERVICIOS,01,OFICINAS Y SERVICIOS,SV,AGUA Y ALCANTARILLADO
9101009,91,INMUEBLES Y SERVICIOS,01,OFICINAS Y SERVICIOS,SV,SISTEMA DE ALARMA Y MONITOREO
9101010,91,INMUEBLES Y SERVICIOS,01,OFICINAS Y SERVICIOS,SV,VIGILANCIA Y SEGURIDAD
9101011,91,INMUEBLES Y SERVICIOS,01,OFICINAS Y SERVICIOS,SV,SERVICIO DE TELEFONÍA
9101012,91,INMUEBLES Y SERVICIOS,01,OFICINAS Y SERVICIOS,SV,FUMIGACIONES
9102001,91,INMUEBLES Y SERVICIOS,02,EQUIPOS TECNOLÓGICOS,SV,ARRENDAMIENTO EQUIPO COMPUTO
9102002,91,INMUEBLES Y SERVICIOS,02,EQUIPOS TECNOLÓGICOS,SV,ARRENDAMIENTO DE HARDWARE
9102003,91,INMUEBLES Y SERVICIOS,02,EQUIPOS TECNOLÓGICOS,SV,SOPORTE Y MTTO EQUIPOS TI
9102004,91,INMUEBLES Y SERVICIOS,02,EQUIPOS TECNOLÓGICOS,SV,INTERNET Y TELEFONÍA
9102005,91,INMUEBLES Y SERVICIOS,02,EQUIPOS TECNOLÓGICOS,SV,TELEFONÍA MÓVIL
9102006,91,INMUEBLES Y SERVICIOS,02,EQUIPOS TECNOLÓGICOS,SV,IMPRESIÓN Y COPIADO
9102007,91,INMUEBLES Y SERVICIOS,02,EQUIPOS TECNOLÓGICOS,SV,TRANSMISION DE DATOS
9103001,91,INMUEBLES Y SERVICIOS,03,SOFTWARE Y LICENCIAS,SV,CUOTAS Y SUSCRIPCIONES
9103002,91,INMUEBLES Y SERVICIOS,03,SOFTWARE Y LICENCIAS,SV,DESARROLLO DE 3D
9103003,91,INMUEBLES Y SERVICIOS,03,SOFTWARE Y LICENCIAS,SV,COMPRA DE NORMAS ONLINE
9103004,91,INMUEBLES Y SERVICIOS,03,SOFTWARE Y LICENCIAS,SV,"SOFTWARE MIADMIN, CONTAPAQ,"
9103005,91,INMUEBLES Y SERVICIOS,03,SOFTWARE Y LICENCIAS,SV,AUTOCAD
9103006,91,INMUEBLES Y SERVICIOS,03,SOFTWARE Y LICENCIAS,SV,TIMBRES NOMINA
9103007,91,INMUEBLES Y SERVICIOS,03,SOFTWARE Y LICENCIAS,SV,STAAD PRO STRUCTURAL WORKSUITE
9104001,91,INMUEBLES Y SERVICIOS,04,MANTENIMIENTO DE INMUEBLES,SV,MANTENIMIENTO DE OFICINAS
9104002,91,INMUEBLES Y SERVICIOS,04,MANTENIMIENTO DE INMUEBLES,SV,MTTO DE AIRE ACONDICIONADO
9104003,91,INMUEBLES Y SERVICIOS,04,MANTENIMIENTO DE INMUEBLES,SV,MTTO Y REPARACION A MOBILIARIO
9104004,91,INMUEBLES Y SERVICIOS,04,MANTENIMIENTO DE INMUEBLES,SV,LIMPIEZA DE CISTERNA
9104005,91,INMUEBLES Y SERVICIOS,04,MANTENIMIENTO DE INMUEBLES,SV,INSTALACIÓN Y COLOCACIÓN
9201001,92,SERVICIOS AL PARQUE VEHICULAR,01,RENTA DE EQUIPO DE TRANSPORTE,SV,RENTA DE AUTOBÚS
9201002,92,SERVICIOS AL PARQUE VEHICULAR,01,RENTA DE EQUIPO DE TRANSPORTE,SV,RENTA DE VEHÍCULO
9201003,92,SERVICIOS AL PARQUE VEHICULAR,01,RENTA DE EQUIPO DE TRANSPORTE,SV,UNIDAD TIPO VAN
9201004,92,SERVICIOS AL PARQUE VEHICULAR,01,RENTA DE EQUIPO DE TRANSPORTE,SV,RENTA DE CAMIONETAS
9202001,92,SERVICIOS AL PARQUE VEHICULAR,02,MANTENIMIENTO VEHICULAR,SV,ROTULACIÓN DE VEHICULOS
9202002,92,SERVICIOS AL PARQUE VEHICULAR,02,MANTENIMIENTO VEHICULAR,SV,AGENCIA
9202003,92,SERVICIOS AL PARQUE VEHICULAR,02,MANTENIMIENTO VEHICULAR,SV,ARRASTRES Y REMOLQUES (GRÚA)
9202004,92,SERVICIOS AL PARQUE VEHICULAR,02,MANTENIMIENTO VEHICULAR,SV,EQUIPO PESADO
9202005,92,SERVICIOS AL PARQUE VEHICULAR,02,MANTENIMIENTO VEHICULAR,SV,RECTIFICADO MOTOR
9202006,92,SERVICIOS AL PARQUE VEHICULAR,02,MANTENIMIENTO VEHICULAR,SV,RECTIFICADOS FRENOS
9202007,92,SERVICIOS AL PARQUE VEHICULAR,02,MANTENIMIENTO VEHICULAR,SV,RADIADORES
9202008,92,SERVICIOS AL PARQUE VEHICULAR,02,MANTENIMIENTO VEHICULAR,SV,AIRE ACONDICIONADO
9202009,92,SERVICIOS AL PARQUE VEHICULAR,02,MANTENIMIENTO VEHICULAR,SV,ELÉCTRICO
9202010,92,SERVICIOS AL PARQUE VEHICULAR,02,MANTENIMIENTO VEHICULAR,SV,MECÁNICO DIESEL
9202011,92,SERVICIOS AL PARQUE VEHICULAR,02,MANTENIMIENTO VEHICULAR,SV,EQUIPO HIDRÁULICO
9202012,92,SERVICIOS AL PARQUE VEHICULAR,02,MANTENIMIENTO VEHICULAR,SV,TRANSMISIONES
9202013,92,SERVICIOS AL PARQUE VEHICULAR,02,MANTENIMIENTO VEHICULAR,SV,RECTIFICACIÓN
9202014,92,SERVICIOS AL PARQUE VEHICULAR,02,MANTENIMIENTO VEHICULAR,SV,MUELLES Y MOFLES
9202015,92,SERVICIOS AL PARQUE VEHICULAR,02,MANTENIMIENTO VEHICULAR,SV,ESCAPE
9202016,92,SERVICIOS AL PARQUE VEHICULAR,02,MANTENIMIENTO VEHICULAR,SV,HOJALATERÍA Y PINTURA
9202017,92,SERVICIOS AL PARQUE VEHICULAR,02,MANTENIMIENTO VEHICULAR,SV,CARROCERÍAS
9202018,92,SERVICIOS AL PARQUE VEHICULAR,02,MANTENIMIENTO VEHICULAR,SV,LAVADO Y ENGRASADO
9202019,92,SERVICIOS AL PARQUE VEHICULAR,02,MANTENIMIENTO VEHICULAR,SV,ALINEACIÓN Y BALANCEO
9202020,92,SERVICIOS AL PARQUE VEHICULAR,02,MANTENIMIENTO VEHICULAR,SV,TALACHAS Y PONCHES
9202021,92,SERVICIOS AL PARQUE VEHICULAR,02,MANTENIMIENTO VEHICULAR,SV,RENOVADOS DE LLANTAS
9202022,92,SERVICIOS AL PARQUE VEHICULAR,02,MANTENIMIENTO VEHICULAR,SV,INSTALACIÓN DE GPS
9202023,92,SERVICIOS AL PARQUE VEHICULAR,02,MANTENIMIENTO VEHICULAR,SV,MONITOREO MENSUAL (GPS)
9202024,92,SERVICIOS AL PARQUE VEHICULAR,02,MANTENIMIENTO VEHICULAR,SV,SERVICIO DE MANTENIMIENTO
9203001,92,SERVICIOS AL PARQUE VEHICULAR,03,TRAMITES Y PERMISOS VEHICULARES,SV,VERIFICACIÓN VEHICULAR
9203002,92,SERVICIOS AL PARQUE VEHICULAR,03,TRAMITES Y PERMISOS VEHICULARES,SV,PERMISOS
9203003,92,SERVICIOS AL PARQUE VEHICULAR,03,TRAMITES Y PERMISOS VEHICULARES,SV,GESTORES TRAMITES VEHICULARES
9203004,92,SERVICIOS AL PARQUE VEHICULAR,03,TRAMITES Y PERMISOS VEHICULARES,SV,TENENCIA O DERECHO VEHICULAR
9203005,92,SERVICIOS AL PARQUE VEHICULAR,03,TRAMITES Y PERMISOS VEHICULARES,SV,COMISIÓN POR APERTURA
9204001,92,SERVICIOS AL PARQUE VEHICULAR,04,COMBUSTIBLE,SV,CONSUMO COMBUSTIBLE
9204002,92,SERVICIOS AL PARQUE VEHICULAR,04,COMBUSTIBLE,SV,IEPS
9204003,92,SERVICIOS AL PARQUE VEHICULAR,04,COMBUSTIBLE,SV,COMISION POR PEDIDOS
9301001,93,RENTA DE MAQUINARIA Y EQUIPOS,01,RENTA DE MAQUINARIA,SV,RENTA DE HIAB
9301002,93,RENTA DE MAQUINARIA Y EQUIPOS,01,RENTA DE MAQUINARIA,SV,RENTA DE GRÚA
9301003,93,RENTA DE MAQUINARIA Y EQUIPOS,01,RENTA DE MAQUINARIA,SV,PLATAFORMA TELESCÓPICA
9301004,93,RENTA DE MAQUINARIA Y EQUIPOS,01,RENTA DE MAQUINARIA,SV,RENTA DE PLATAFORMA AUTOELEVAB
9301005,93,RENTA DE MAQUINARIA Y EQUIPOS,01,RENTA DE MAQUINARIA,SV,RENTA DE TRANSFORMADOR
9301006,93,RENTA DE MAQUINARIA Y EQUIPOS,01,RENTA DE MAQUINARIA,SV,RENTA DE EXCAVADORA
9301007,93,RENTA DE MAQUINARIA Y EQUIPOS,01,RENTA DE MAQUINARIA,SV,RENTA DE RETROEXCAVADORA
9301008,93,RENTA DE MAQUINARIA Y EQUIPOS,01,RENTA DE MAQUINARIA,SV,RENTA DE ROTOMARTILLO
9301009,93,RENTA DE MAQUINARIA Y EQUIPOS,01,RENTA DE MAQUINARIA,SV,RENTA DE BAILARINA
9301010,93,RENTA DE MAQUINARIA Y EQUIPOS,01,RENTA DE MAQUINARIA,SV,RENTA DE TITAN
9301011,93,RENTA DE MAQUINARIA Y EQUIPOS,01,RENTA DE MAQUINARIA,SV,RENTA DE PIPA
9301012,93,RENTA DE MAQUINARIA Y EQUIPOS,01,RENTA DE MAQUINARIA,SV,RENTA DE REVOLVEDORA
9301013,93,RENTA DE MAQUINARIA Y EQUIPOS,01,RENTA DE MAQUINARIA,SV,RENTA DE VIBRADOR DE CONCRETO
9302001,93,RENTA DE MAQUINARIA Y EQUIPOS,02,RENTA DE EQUIPOS,SV,RENTA DE GENERADOR ELÉCTRICO
9302002,93,RENTA DE MAQUINARIA Y EQUIPOS,02,RENTA DE EQUIPOS,SV,MÁQUINA DE SOLDAR
9302003,93,RENTA DE MAQUINARIA Y EQUIPOS,02,RENTA DE EQUIPOS,SV,ANDAMIOS Y ACCESORIOS
9302004,93,RENTA DE MAQUINARIA Y EQUIPOS,02,RENTA DE EQUIPOS,SV,RENTA DE LUMINARIAS
9302005,93,RENTA DE MAQUINARIA Y EQUIPOS,02,RENTA DE EQUIPOS,SV,RENTA DE BANCO DE RESISTENCIA
9302006,93,RENTA DE MAQUINARIA Y EQUIPOS,02,RENTA DE EQUIPOS,SV,TRANSFORMADOR ENCAPSULADO
9302007,93,RENTA DE MAQUINARIA Y EQUIPOS,02,RENTA DE EQUIPOS,SV,RENTA DE COMPRESOR DE AIRE
9302008,93,RENTA DE MAQUINARIA Y EQUIPOS,02,RENTA DE EQUIPOS,SV,RENTA DE DETECTORES DE GAS
9302009,93,RENTA DE MAQUINARIA Y EQUIPOS,02,RENTA DE EQUIPOS,SV,RENTA DE DETECTORES DE FLAMA
9302010,93,RENTA DE MAQUINARIA Y EQUIPOS,02,RENTA DE EQUIPOS,SV,RENTA DE QUEMADOR ELEVADO
9302011,93,RENTA DE MAQUINARIA Y EQUIPOS,02,RENTA DE EQUIPOS,SV,RENTA DE TANQUE DE SEPARADOR
9302012,93,RENTA DE MAQUINARIA Y EQUIPOS,02,RENTA DE EQUIPOS,SV,RENTA DE TANQUES DE GASES
9302013,93,RENTA DE MAQUINARIA Y EQUIPOS,02,RENTA DE EQUIPOS,SV,RENTA DE CONTENEDOR MARITIMO
9302014,93,RENTA DE MAQUINARIA Y EQUIPOS,02,RENTA DE EQUIPOS,SV,RENTA INSTRUMENTO DE MEDICION
9302015,93,RENTA DE MAQUINARIA Y EQUIPOS,02,RENTA DE EQUIPOS,SV,RENTA DE TANQUE DE COMBUSTIBLE PARA DIESEL
9302016,93,RENTA DE MAQUINARIA Y EQUIPOS,02,RENTA DE EQUIPOS,SV,RENTA DE EQUIPO DE BOMBEO
9303001,93,RENTA DE MAQUINARIA Y EQUIPOS,03,RENTAS GENERALES,SV,RENTA DE CANASTILLA
9401001,94,SERVICIOS DE IMAGEN EXTERNA,01,PUBLICIDAD,SV,POSICIONAMIENTO SEO
9401002,94,SERVICIOS DE IMAGEN EXTERNA,01,PUBLICIDAD,SV,ESPACIOS EN FERIAS O CONGRESOS
9401003,94,SERVICIOS DE IMAGEN EXTERNA,01,PUBLICIDAD,SV,ARTÍCULOS PROMOCIONALES
9401004,94,SERVICIOS DE IMAGEN EXTERNA,01,PUBLICIDAD,SV,IMPRESIÓN DIGITAL
9401005,94,SERVICIOS DE IMAGEN EXTERNA,01,PUBLICIDAD,SV,PUBLICIDAD EN REDES SOCIALES
9401006,94,SERVICIOS DE IMAGEN EXTERNA,01,PUBLICIDAD,SV,ESPACIOS EN MEDIOS
9401007,94,SERVICIOS DE IMAGEN EXTERNA,01,PUBLICIDAD,SV,PATROCINIOS
9401008,94,SERVICIOS DE IMAGEN EXTERNA,01,PUBLICIDAD,SV,DONATIVOS AUTORIZADOS
9401009,94,SERVICIOS DE IMAGEN EXTERNA,01,PUBLICIDAD,SV,DONATIVOS NO DEDUCIBLES
9401010,94,SERVICIOS DE IMAGEN EXTERNA,01,PUBLICIDAD,SV,RESPONSABILIDAD SOCIAL CORPOR
9402001,94,SERVICIOS DE IMAGEN EXTERNA,02,DISEÑO E IMPRESIÓN,SV,"PLAYERAS, GORRAS, CASACAS"
9402002,94,SERVICIOS DE IMAGEN EXTERNA,02,DISEÑO E IMPRESIÓN,SV,"BROCHURES, TRÍPTICOS, FOLLETOS"
9402003,94,SERVICIOS DE IMAGEN EXTERNA,02,DISEÑO E IMPRESIÓN,SV,TARJETAS DE PRESENTACIÓN
9402004,94,SERVICIOS DE IMAGEN EXTERNA,02,DISEÑO E IMPRESIÓN,SV,DISEÑO WEB
9402005,94,SERVICIOS DE IMAGEN EXTERNA,02,DISEÑO E IMPRESIÓN,SV,DISEÑO DE STAND
9402006,94,SERVICIOS DE IMAGEN EXTERNA,02,DISEÑO E IMPRESIÓN,SV,DISEÑO DE REVISTA
9402007,94,SERVICIOS DE IMAGEN EXTERNA,02,DISEÑO E IMPRESIÓN,SV,DISEÑO DE LOGOTIPO
9402008,94,SERVICIOS DE IMAGEN EXTERNA,02,DISEÑO E IMPRESIÓN,SV,DISEÑO DE CAMPAÑA PUBLICITARIA
9402009,94,SERVICIOS DE IMAGEN EXTERNA,02,DISEÑO E IMPRESIÓN,SV,DISEÑO DE MURO RECONOCIMIENTO
9402010,94,SERVICIOS DE IMAGEN EXTERNA,02,DISEÑO E IMPRESIÓN,SV,SERVICIO DE FOTO/VIDEO
9402011,94,SERVICIOS DE IMAGEN EXTERNA,02,DISEÑO E IMPRESIÓN,SV,SEÑALÉTICA
9403001,94,SERVICIOS DE IMAGEN EXTERNA,03,ASISTENCIA EN EVENTOS,SV,"CATERING, COFFE BREAK"
9403002,94,SERVICIOS DE IMAGEN EXTERNA,03,ASISTENCIA EN EVENTOS,SV,RENTA DE SILLAS Y MESAS
9403003,94,SERVICIOS DE IMAGEN EXTERNA,03,ASISTENCIA EN EVENTOS,SV,ALIMENTOS O BANQUETES
9403004,94,SERVICIOS DE IMAGEN EXTERNA,03,ASISTENCIA EN EVENTOS,SV,GESTION DE EVENTOS
9404001,94,SERVICIOS DE IMAGEN EXTERNA,04,FABRICACIÓN DE ARTÍCULOS NO STOCKEABLES,SV,"RECONOCIMIENTOS, TROFEOS"
9404002,94,SERVICIOS DE IMAGEN EXTERNA,04,FABRICACIÓN DE ARTÍCULOS NO STOCKEABLES,SV,ELAB. DE CAJAS CUSTOMIZADAS
9404003,94,SERVICIOS DE IMAGEN EXTERNA,04,FABRICACIÓN DE ARTÍCULOS NO STOCKEABLES,SV,ELABORACIÓN DE BANDERAS
9404004,94,SERVICIOS DE IMAGEN EXTERNA,04,FABRICACIÓN DE ARTÍCULOS NO STOCKEABLES,SV,IMPRESIÓN DE PLAYERAS
9501001,95,SERVICIOS DE CUMPLIMIENTOS,01,AUDITORIAS,SV,AUDITORIA FINANCIERA CONTABLE
9501002,95,SERVICIOS DE CUMPLIMIENTOS,01,AUDITORIAS,SV,AUDITORIA DE SEGURIDAD SOCIAL
9501003,95,SERVICIOS DE CUMPLIMIENTOS,01,AUDITORIAS,SV,ACREDITADO EN PROTECCIÓN CIVIL
9501004,95,SERVICIOS DE CUMPLIMIENTOS,01,AUDITORIAS,SV,AUDITORIA EXTERNA ACHILLES
9501005,95,SERVICIOS DE CUMPLIMIENTOS,01,AUDITORIAS,SV,CARTAS DE AUTENTIFICACIÓN
9501006,95,SERVICIOS DE CUMPLIMIENTOS,01,AUDITORIAS,SV,AUDITORIA PARA CERTIFICACIONES
9501007,95,SERVICIOS DE CUMPLIMIENTOS,01,AUDITORIAS,SV,AUDITORIAS DE TERCERO
9501008,95,SERVICIOS DE CUMPLIMIENTOS,01,AUDITORIAS,SV,MEMBRESÍAS
9501009,95,SERVICIOS DE CUMPLIMIENTOS,01,AUDITORIAS,SV,PERITAJE
9501010,95,SERVICIOS DE CUMPLIMIENTOS,01,AUDITORIAS,SV,ACREDITADO AMBIENTAL
9502001,95,SERVICIOS DE CUMPLIMIENTOS,02,SERVICIOS Y CONSULTORÍA,SV,SERVICIO DE CONSULTORÍA
9502002,95,SERVICIOS DE CUMPLIMIENTOS,02,SERVICIOS Y CONSULTORÍA,SV,SERVICIOS LEGALES
9502003,95,SERVICIOS DE CUMPLIMIENTOS,02,SERVICIOS Y CONSULTORÍA,SV,NOTARIALES O CORREDURÍA
9502004,95,SERVICIOS DE CUMPLIMIENTOS,02,SERVICIOS Y CONSULTORÍA,SV,SOP Y DESARROLLO DE SITIOS WEB
9502005,95,SERVICIOS DE CUMPLIMIENTOS,02,SERVICIOS Y CONSULTORÍA,SV,SOPORTE Y MTTO DE TI
9502006,95,SERVICIOS DE CUMPLIMIENTOS,02,SERVICIOS Y CONSULTORÍA,SV,SERVICIOS DE TRADUCCIÓN
9502007,95,SERVICIOS DE CUMPLIMIENTOS,02,SERVICIOS Y CONSULTORÍA,SV,SERVICIOS DE GESTORÍA
9502008,95,SERVICIOS DE CUMPLIMIENTOS,02,SERVICIOS Y CONSULTORÍA,SV,SERVICIOS DE MERCADOTECNIA
9502009,95,SERVICIOS DE CUMPLIMIENTOS,02,SERVICIOS Y CONSULTORÍA,SV,SERVICIOS POR HONORARIOS
9503001,95,SERVICIOS DE CUMPLIMIENTOS,03,SEGUROS Y FIANZAS,SV,SEGUROS ( PRIMA DE SEGUROS)
9503002,95,SERVICIOS DE CUMPLIMIENTOS,03,SEGUROS Y FIANZAS,SV,GASTOS DE EXPEDICIÓN
9503003,95,SERVICIOS DE CUMPLIMIENTOS,03,SEGUROS Y FIANZAS,SV,DEDUCIBLES POR SINIESTROS
9503004,95,SERVICIOS DE CUMPLIMIENTOS,03,SEGUROS Y FIANZAS,SV,FIANZAS
9503005,95,SERVICIOS DE CUMPLIMIENTOS,03,SEGUROS Y FIANZAS,SV,GASTOS POR FIANZA
9504001,95,SERVICIOS DE CUMPLIMIENTOS,04,TRAMITES Y PERMISOS,SV,PERMISO ANTE CONAGUA
9504002,95,SERVICIOS DE CUMPLIMIENTOS,04,TRAMITES Y PERMISOS,SV,IMPUESTOS Y DERECHOS
9504003,95,SERVICIOS DE CUMPLIMIENTOS,04,TRAMITES Y PERMISOS,SV,TRAMITES DE LICENCIAS NOM 020
9505001,95,SERVICIOS DE CUMPLIMIENTOS,05,NO DEDUCIBLES,SV,NO DEDUCIBLE
9601001,96,SERVICIOS LOGÍSTICOS,01,LOGÍSTICOS,SV,FLETES EXTRANJEROS
9601002,96,SERVICIOS LOGÍSTICOS,01,LOGÍSTICOS,SV,FLETES NACIONALES
9601003,96,SERVICIOS LOGÍSTICOS,01,LOGÍSTICOS,SV,FLETES MARITIMO
9601004,96,SERVICIOS LOGÍSTICOS,01,LOGÍSTICOS,SV,ASEGURAMIENTO DE CARGA
9601005,96,SERVICIOS LOGÍSTICOS,01,LOGÍSTICOS,SV,EMPLAYE EMBALADO DE MERCANCÍAS
9601006,96,SERVICIOS LOGÍSTICOS,01,LOGÍSTICOS,SV,ALMACENAMIENTO DE MERCANCÍAS
9601007,96,SERVICIOS LOGÍSTICOS,01,LOGÍSTICOS,SV,MANIOBRAS DE CARGA Y DESCARGA
9601008,96,SERVICIOS LOGÍSTICOS,01,LOGÍSTICOS,SV,SERVICIO DE HELICÓPTERO
9601009,96,SERVICIOS LOGÍSTICOS,01,LOGÍSTICOS,SV,TRANSPORTE MARINO (LANCHA)
9601010,96,SERVICIOS LOGÍSTICOS,01,LOGÍSTICOS,SV,MENSAJERÍA CONSOLIDADA
9601011,96,SERVICIOS LOGÍSTICOS,01,LOGÍSTICOS,SV,SERVICIOS DE PAQUETERÍA
9601012,96,SERVICIOS LOGÍSTICOS,01,LOGÍSTICOS,SV,COORDINACIÓN LOGISTICA
9601013,96,SERVICIOS LOGÍSTICOS,01,LOGÍSTICOS,SV,GASTOS DE ENVIO
9601014,96,SERVICIOS LOGÍSTICOS,01,LOGÍSTICOS,SV,CUSTODIA
9701001,97,SERVICIOS DE SEGURIDAD,01,SERVICIO DE SEGURIDAD,SV,SERVICIO DE RECOLECCIÓN RPBI
9701002,97,SERVICIOS DE SEGURIDAD,01,SERVICIO DE SEGURIDAD,SV,MANTENIMIENTO A EXTINTORES
9701003,97,SERVICIOS DE SEGURIDAD,01,SERVICIO DE SEGURIDAD,SV,RECO DE RESIDUOS PELIGROSOS
9701004,97,SERVICIOS DE SEGURIDAD,01,SERVICIO DE SEGURIDAD,SV,RENTA DE BAÑOS PORTÁTILES
9701005,97,SERVICIOS DE SEGURIDAD,01,SERVICIO DE SEGURIDAD,SV,RENTA DE FOSAS
9701006,97,SERVICIOS DE SEGURIDAD,01,SERVICIO DE SEGURIDAD,SV,RENTA DE CISTERNA
9701007,97,SERVICIOS DE SEGURIDAD,01,SERVICIO DE SEGURIDAD,SV,CERTIFICACIÓN
9701008,97,SERVICIOS DE SEGURIDAD,01,SERVICIO DE SEGURIDAD,SV,SERVICIOS DE MUESTREOS
9701009,97,SERVICIOS DE SEGURIDAD,01,SERVICIO DE SEGURIDAD,SV,ATLAS DE RIESGO
9701010,97,SERVICIOS DE SEGURIDAD,01,SERVICIO DE SEGURIDAD,SV,ANALSIS DE RIESGO
9701011,97,SERVICIOS DE SEGURIDAD,01,SERVICIO DE SEGURIDAD,SV,PLAN DE ACCIÓN INTEGRAL
9701012,97,SERVICIOS DE SEGURIDAD,01,SERVICIO DE SEGURIDAD,SV,PLAN DE CONTIGENCIA AMBENTAL
9701013,97,SERVICIOS DE SEGURIDAD,01,SERVICIO DE SEGURIDAD,SV,PLAN DE RESPUESTA A EMERGENCIA
9801001,98,SERVICIOS DE CALIDAD,01,CALIDAD,SV,INSTALACIÓN DE SISTEMAS
9801002,98,SERVICIOS DE CALIDAD,01,CALIDAD,SV,CALIBRACIÓN DE EQ DE SEGURIDAD
9801003,98,SERVICIOS DE CALIDAD,01,CALIDAD,SV,PERFORACIÓN DE POZO DE AGUA
9802001,98,SERVICIOS DE CALIDAD,02,PRUEBAS NO DESTRUCTIVAS,SV,RADIOGRAFIADO
9802002,98,SERVICIOS DE CALIDAD,02,PRUEBAS NO DESTRUCTIVAS,SV,PRUEBAS HIDROSTÁTICAS
9802003,98,SERVICIOS DE CALIDAD,02,PRUEBAS NO DESTRUCTIVAS,SV,TRATAMIENTO TÉRMICO P/ JUNTAS
9901001,99,SERVICIOS TÉCNICOS,01,SERVICIOS TÉCNICOS,SV,MTTO A MAQUINARIA Y EQUIPO
9901002,99,SERVICIOS TÉCNICOS,01,SERVICIOS TÉCNICOS,SV,MAQUINADOS Y TORNOS
9901003,99,SERVICIOS TÉCNICOS,01,SERVICIOS TÉCNICOS,SV,PRUEBA DE REVENIMIENTO
9901004,99,SERVICIOS TÉCNICOS,01,SERVICIOS TÉCNICOS,SV,SERVICIOS TOPOGRAFICOS
9901005,99,SERVICIOS TÉCNICOS,01,SERVICIOS TÉCNICOS,SV,DESARROLLO HIDRÁULICO
9901006,99,SERVICIOS TÉCNICOS,01,SERVICIOS TÉCNICOS,SV,TELEMETRÍA
9901007,99,SERVICIOS TÉCNICOS,01,SERVICIOS TÉCNICOS,SV,MECANICA DE SUELOS
9901008,99,SERVICIOS TÉCNICOS,01,SERVICIOS TÉCNICOS,SV,BOMBEO DE CONCRETO
9901009,99,SERVICIOS TÉCNICOS,01,SERVICIOS TÉCNICOS,SV,MEMORIA DE CÁLCULO
9901010,99,SERVICIOS TÉCNICOS,01,SERVICIOS TÉCNICOS,SV,SERVICIOS DE REPARACIÓN
9901011,99,SERVICIOS TÉCNICOS,01,SERVICIOS TÉCNICOS,SV,ANALISIS CROMATOGRAFICO
9901012,99,SERVICIOS TÉCNICOS,01,SERVICIOS TÉCNICOS,SV,LABORATORIOS O ENSAYOS
9901013,99,SERVICIOS TÉCNICOS,01,SERVICIOS TÉCNICOS,SV,CORTE Y SOLDADURA
9901014,99,SERVICIOS TÉCNICOS,01,SERVICIOS TÉCNICOS,SV,SERVICIOS DE PREFABRICADOS
9901015,99,SERVICIOS TÉCNICOS,01,SERVICIOS TÉCNICOS,SV,SERVICIO DE VERIFICACION DE INSTALACIONES
