rubro,subcuenta
ACTIVOS,EQUIPO DE MOBILIARIO
ACTIVOS,EQUIPO DE TRANSPORTE
ACTIVOS,MAQUINARIA Y EQUIPO
ACTIVOS,OTROS ACTIVOS
ACTIVOS,SOFTWARE Y LICICENCIAS
ARRENDA DE INMUEBLES Y SERV,AGUA Y ALCANTARILLADO
ARRENDA DE INMUEBLES Y SERV,ARRENDAMIENTO DE INMUEBLES
ARRENDA DE INMUEBLES Y SERV,ARRENDAMIENTO DE OF. MOVILES
ARRENDA DE INMUEBLES Y SERV,ENERGIA ELECTRICA
ARRENDA DE INMUEBLES Y SERV,RENTA DE CASAS NO DEDUCIBLE
ARRENDA DE INMUEBLES Y SERV,SERVICIOS DE FUMIGACION
ARRENDA DE INMUEBLES Y SERV,SERVICIOS DE LIMPIEZA
ARRENDA DE INMUEBLES Y SERV,SERVICIOS DE VIGILANCIA
ARRENDA DE INMUEBLES Y SERV,TELEFONIA FIJA
ARTICULOS DE SEGURIDAD,ROPA Y ARTICULOS DE PROTECCION
EQUIPO DE COMPUTO,ARRENDAMIENTO DE EQ. COMPUTO
EQUIPO DE COMPUTO,EQUIPO DE COMPUTO (Adquisición)
EQUIPOS Y ENSERES,ENSERES MENORES DIVERSOS (Acondicionamiento de casas)
INSUMOS AGRICOLAS,INSUMOS AGRICOLAS
INSUMOS DE OFICINA,ARTICULOS DE ASEO Y SANITARIOS
INSUMOS DE OFICINA,ARTICULOS DE CAFETERIA
INSUMOS DE OFICINA,ARTICULOS DIGITALES Y DE COMPUTO
INSUMOS DE OFICINA,PAPELERIA Y UTILES DE OFICINA
MARKETING,PUBLICIDAD Y PROPAGANDA
MARKETING,SERVICIOS DE MERCADOTECNIA
MATERIALES,ABRASIVOS
MATERIALES,ACEITE LUBRICANTE P/MAQUINARIA
MATERIALES,ACEITES Y LUBRICANTES
MATERIALES,AISLANTES IMPERM REFRA
MATERIALES,BANDA CADEN TRANS COPL
MATERIALES,CONEXIONES PARA TUBERIA
MATERIALES,EMPAQUETAD JTAS Y SELLOS
MATERIALES,ENVASES
MATERIALES,FIBRAS HILOS Y TELAS
MATERIALES,GRASAS
MATERIALES,HERRAMIENTAS MANUALES
MATERIALES,INSTRUM DE MEDICION Y CONTROL
MATERIALES,"LLANTAS, CAMARAS Y ACCESORIOS"
MATERIALES,"MANGUERAS, CONEXIONES"
MATERIALES,MATERIAL ELECTRICO
MATERIALES,MATERIAL PARA LA CONSTRUCCION
MATERIALES,MATERIALES Y ART P/MANTENIMIENTO
MATERIALES,METALES
MATERIALES,PART REP ACCES Y PROD P/VEHIC
MATERIALES,PARTES ACCES Y MAT P/LABORATORIO
MATERIALES,PARTES ACCES Y REFAC P/ LUBRICANTES
MATERIALES,"PARTES ELECT, ACCES Y REFACC"
MATERIALES,PARTES Y REFAC TELECOM Y VIDEO
MATERIALES,PARTES Y REFACCION C/INCENDIO
MATERIALES,PASTA PEGAMENTO OTRO COMPUESTO
MATERIALES,PINTURA Y OTROS RECUBRIMIENTOS
MATERIALES,REFAC P/INSTRUM DE MED Y CONTROL
MATERIALES,REFACC Y ACCES PARA VALVULAS
MATERIALES,REFACC Y ACCESORIO PARA HERRAMIENTA
MATERIALES,REFACCIONES P/MAQUINARIA
MATERIALES,RODAM ACCES Y SELLOS P/ ACEITE
MATERIALES,SUSTANCIAS QUIMICAS
MATERIALES,TORNILLERIA Y ARTICULO
MATERIALES,TUBERIAS
MATERIALES,VALVULAS
MATERIALES DE SALUD,MATERIAL PRIMEROS AUXILIOS
NOMINA Y ADICIONALES,NOMINA Y ADICIONALES
SERV TELEFONIA CELULAR Y RADIO,SERV TELEFONIA CELULAR
SERV TELEFONIA CELULAR Y RADIO,SERVICIO DE BANDA ANCHA
SERV TELEFONIA CELULAR Y RADIO,SERVICIO DE RADIOCOMUNICACION
SERVICIOS,ACONDICION DE CASA HABITACION
SERVICIOS,ADICION Y MODIFIC DE MATERIAL
SERVICIOS,ADQUISICION TARJET COMBUSTIBLE
SERVICIOS,ANALISIS CAUSA RAIZ
SERVICIOS,ANALISIS DE RIESGO
SERVICIOS,ANALISIS DE VIBRACION
SERVICIOS,ASESORIA ESPECIAL INTERNA
SERVICIOS,ASESORIA ESPECIAL OPERATIVA
SERVICIOS,ASESORIA ESPECIAL SINDICAL
SERVICIOS,ASESORIA ESPECIAL VIAL
SERVICIOS,BASES LICITACION Y CONCURSOS
SERVICIOS,CARGOS EXTRAORDINARIOS
SERVICIOS,CERTIFICACION
SERVICIOS,COLOCACION DE PILOTE
SERVICIOS,CORREOS Y MENSAJERIAS
SERVICIOS,CUOTAS Y SUSCRIPCIONES
SERVICIOS,DEDUCIBLE POR SINIESTRO
SERVICIOS,DESARROLLO DE SOFTWARE
SERVICIOS,FIANZAS
SERVICIOS,FIANZAS
SERVICIOS,FLETES  EXTRANJEROS
SERVICIOS,FLETES NACIONALES
SERVICIOS,GASTOS DE IMPORTACION
SERVICIOS,GTO EXPED DE SEG/TRAMITE
SERVICIOS,HIELO Y AGUA
SERVICIOS,HONORARIOS A PERSONA FISICA
SERVICIOS,IMPUESTOS Y DERECHOS
SERVICIOS,INTERESES
SERVICIOS,INTERNET Y DATOS
SERVICIOS,MANIOBRAS
SERVICIOS,MANTENIMIENTO A VEHICULOS
SERVICIOS,MANTTO A EQUIPOS DE SEGURIDAD
SERVICIOS,MANTTO DE MOBILIARIO Y EQUIPO
SERVICIOS,MANTTO PREV A EQUIPOS DE MEDICION
SERVICIOS,MANTTO Y ACONDICION DE CAMPER
SERVICIOS,MECANICA DE SUELOS
SERVICIOS,OTROS DERECHOS
SERVICIOS,PACMA PEMEX EXPLORACION
SERVICIOS,PAGO DE MULTAS
SERVICIOS,PAGO DE RECARGOS
SERVICIOS,RECARGA DE GASES INDUSTRIALES
SERVICIOS,RENTA DE MAQUINARIA Y EQUIPO
SERVICIOS,RENTA DE SANITARIOS
SERVICIOS,REPARACIONES
SERVICIOS,SEGUROS
SERVICIOS,SERV DE DISEÑO Y ROTULACION
SERVICIOS,SERV DE DISPOS DE RESIDUOS
SERVICIOS,SERV DE MANTO A INSTALACIONES
SERVICIOS,SERV DE RECARGA DE EXTINTORES
SERVICIOS,SERV DE TRANSMISION DE DATOS
SERVICIOS,SERV PROFES DE PERSONA MORAL
SERVICIOS,SERV Y MANTTO A EQ INFORMATICO
SERVICIOS,SERVICIO DE AUTOLAVADO
SERVICIOS,SERVICIO DE EQPO Y MAQUINARIA
SERVICIOS,SERVICIO REPRESENTACION LEGAL
SERVICIOS,SERVICIOS DE BANQUETERIA
SERVICIOS,SERVICIOS DE COPIADO
SERVICIOS,SERVICIOS DE TAXI
SERVICIOS,SERVICIOS PREOPERATIVOS
SERVICIOS,SERVICIOS RADIOGRAFICOS
SERVICIOS,TENENCIA
SERVICIOS,TOPOGRAFIA
SERVICIOS,VERIFICACIONES
SERVICIOS DE CAPACITACION,SERVICIOS DE CAPACITACION
SERVICIOS DE SALUD,SERVICIOS MEDICOS
UNIFORMES,UNIFORMES
VEHICULOS Y COMBUSTIBLE,ARRENDAMIENTO DE VEHIC
VEHICULOS Y COMBUSTIBLE,COMBUSTIBLES
VIATICOS,ALIMENTACION
VIATICOS,CASETAS PUENTES Y PEAJES
VIATICOS,SERV DE TRANSPORTAC AEREA
VIATICOS,SERV DE TRANSPORTAC TERRESTRE
VIATICOS,SERVICIOS DE HOSPEDAJE
